Run,Polars Time,Polars Memory (MB),DuckDB Time,DuckDB Memory (MB)
1,33.52730751037598,24092.8984375,42.313711404800415,936.13671875
2,51.93683958053589,24465.96484375,42.31535530090332,935.9921875
3,53.70602202415466,26125.921875,41.67653751373291,997.4453125
4,59.70300006866455,26715.3984375,42.84507966041565,996.98046875
5,53.24898910522461,26665.1171875,43.31612992286682,952.59375
