Run,Polars Time,Polars Memory (MB),DuckDB Time,DuckDB Memory (MB)
1,33.69765090942383,24286.5703125,42.122135400772095,3148.52734375
2,53.73823642730713,27145.7734375,42.88187217712402,3287.47265625
3,56.419289112091064,27004.015625,42.38782525062561,3122.97265625
4,56.27203702926636,27013.20703125,42.14044427871704,3116.72265625
5,55.04614877700806,27050.3359375,42.6988468170166,3107.72265625
